,name,adddate,application,conscurvature,convex,density,dualbound,formats,gap,initinfeasibility,laghessianavgblocksize,laghessianmaxblocksize,laghessianminblocksize,maxcoef,mincoef,nbinvars,ncons,ncontvars,ngennlcons,ngennlfunc,nintvars,njacobiannlnz,njacobiannz,nlaghessianblocks,nlaghessiandiagnz,nlaghessiannz,nldensity,nlincons,nlinfunc,nlnz,nloperands,nnlbinvars,nnlfunc,nnlintvars,nnlsemi,nnlvars,nobjnlnz,nobjnz,npolynomcons,npolynomfunc,nquadcons,nquadfunc,nsemi,nsignomcons,nsignomfunc,nsos1,nsos2,nvars,nz,objcurvature,objsense,objtype,opabs,opcentropy,opcos,opcvpower,opdiv,operrorf,opexp,opgamma,oplog,oplog10,opmin,opmod,opmul,oppower,oprpower,opsignpower,opsin,opsqr,opsqrt,optanh,opvcpower,primalbound,probtype,references,source,sourceids
2,alkyl,2001-07-31,Alkylation,indefinite,0.0,0.2767857142857143,-1.765001273,"{'mod', 'nl', 'py', 'ams', 'osil', 'pip', 'gms'}",9.218132160801312e-07,0.03,4.0,8.0,2.0,22.2,0.0067,0.0,7.0,14.0,0.0,0.0,0.0,17.0,25.0,3.0,1.0,21.0,0.2261904761904762,1.0,1.0,19.0,set(),0.0,7.0,0.0,0.0,12.0,2.0,6.0,2.0,2.0,4.0,5.0,0.0,0.0,0.0,0.0,0.0,14.0,31.0,indefinite,min,quadratic,,,,,,,,,,,,,,,,,,,,,,-1.764999646,NLP,['g00088'],GAMSMODELLIB,['GAMS Model Library']
3,alkylation,2001-07-31,,indefinite,False,0.3083333333333333,1768.807015,"{'mod', 'nl', 'py', 'ams', 'osil', 'gms'}",2.8832993663476e-08,0.44,4.0,4.0,4.0,98000.0,0.00667,0.0,11.0,10.0,1.0,1.0,0.0,12.0,31.0,2.0,5.0,19.0,0.25,5.0,5.0,14.0,"{'div', 'mul'}",0.0,7.0,0.0,0.0,8.0,2.0,6.0,2.0,2.0,2.0,3.0,0.0,1.0,1.0,0.0,0.0,10.0,37.0,indefinite,max,quadratic,,,,,1.0,,,,,,,,1.0,,,,,,,,,1768.806964,NLP,['g00013'],Housam Binous,['other']
8,ann_fermentation_exp,2021-11-29,Neural Networks,indefinite,False,0.2083333333333333,-99.93702217,"{'mod', 'nl', 'py', 'osil', 'gms'}",3.894968127689428e-06,101.2350181,1.333333,2.0,1.0,147.9215,0.025,0.0,9.0,12.0,2.0,2.0,0.0,2.0,23.0,3.0,3.0,5.0,0.3333333333333333,7.0,7.0,4.0,"{'exp', 'div'}",0.0,3.0,0.0,0.0,4.0,2.0,2.0,0.0,0.0,0.0,0.0,0.0,0.0,1.0,0.0,0.0,12.0,25.0,indefinite,min,signomial,,,,,True,,1.0,,,,,,,,,,,,,,,-99.93663292,NLP,['SchweidtmannMitsos2019'],,['other']
9,ann_fermentation_tanh,2021-11-29,Neural Networks,indefinite,False,0.2083333333333333,,"{'mod', 'nl', 'py', 'osil', 'gms'}",inf,101.2350181,1.333333,2.0,1.0,147.9215,0.025,0.0,9.0,12.0,2.0,2.0,0.0,2.0,23.0,3.0,3.0,5.0,0.3333333333333333,7.0,7.0,4.0,{'tanh'},0.0,3.0,0.0,0.0,4.0,2.0,2.0,0.0,0.0,0.0,0.0,0.0,0.0,1.0,0.0,0.0,12.0,25.0,indefinite,min,signomial,,,,,,,,,,,,,,,,,,,,1.0,,-99.93663292,NLP,['SchweidtmannMitsos2019'],,['other']
13,arki0003,2001-07-31,,indefinite,False,0.0021417896987967,3795.206063,"{'mod', 'nl', 'py', 'ams', 'osil', 'pip', 'gms'}",1.317451487663629e-09,116004857.1,14.666667,40.0,2.0,1189.237,6.066919e-08,0.0,2583.0,2283.0,0.0,0.0,0.0,4080.0,12634.0,90.0,360.0,4920.0,0.0016890213611525,753.0,754.0,4080.0,set(),0.0,1830.0,0.0,0.0,1320.0,0.0,1.0,1080.0,1080.0,750.0,750.0,0.0,0.0,0.0,0.0,0.0,2283.0,12635.0,linear,min,linear,,,,,,,,,,,,,,,,,,,,,,3795.206068,NLP,,ARKI Consulting Client Models,['other']
14,arki0004,2001-07-31,,indefinite,False,0.0033469841751352,-3058.468712,"{'mod', 'nl', 'py', 'ams', 'osil', 'gms'}",inf,4.46501014,1044.0,2086.0,2.0,1.0,1.0,0.0,2081.0,2090.0,0.0,1.0,0.0,8320.0,12484.0,2.0,2082.0,12482.0,0.0047846713850887,1041.0,1041.0,10400.0,"{'log', 'sqr', 'div'}",0.0,1041.0,0.0,0.0,2088.0,2080.0,2080.0,1040.0,1040.0,0.0,0.0,0.0,0.0,0.0,0.0,0.0,2090.0,14564.0,indefinite,min,nonlinear,,,,,True,,,,1.0,,,,,,,,,1.0,,,,323.4670388,NLP,,ARKI Consulting Client Models,['other']
15,arki0005,2001-07-31,,indefinite,False,0.0105145419365721,372.6047236,"{'mod', 'nl', 'py', 'ams', 'osil', 'pip', 'gms'}",1.073523632196727e-09,19.425,1.009881,5.0,1.0,366.1667,0.007601711,0.0,5152.0,2370.0,0.0,0.0,0.0,11760.0,127402.0,1012.0,1018.0,1054.0,0.0053094563046882,2800.0,2800.0,12768.0,set(),0.0,2353.0,0.0,0.0,1022.0,1008.0,1008.0,1680.0,1680.0,672.0,673.0,0.0,0.0,0.0,0.0,0.0,2370.0,128410.0,convex,min,quadratic,,,,,,,,,,,,,,,,,,,,,,372.604724,NLP,,ARKI Consulting Client Models,['other']
16,arki0006,2001-07-31,,indefinite,False,0.0105145419365721,0.0,"{'mod', 'nl', 'py', 'ams', 'osil', 'pip', 'gms'}",inf,1.571571772,5.94186,6.0,2.0,366.1667,0.005952381,0.0,5152.0,2370.0,0.0,0.0,0.0,11760.0,127402.0,172.0,1018.0,6094.0,0.0053094563046882,2800.0,2800.0,12768.0,set(),0.0,2353.0,0.0,0.0,1022.0,1008.0,1008.0,1680.0,1680.0,672.0,673.0,0.0,0.0,0.0,0.0,0.0,2370.0,128410.0,convex,min,quadratic,,,,,,,,,,,,,,,,,,,,,,4.549983474,NLP,,ARKI Consulting Client Models,['other']
103,btest14,2001-07-31,,indefinite,False,0.0489361702127659,-61.3487556,"{'mod', 'nl', 'py', 'ams', 'osil', 'gms'}",0.0256007132050656,1.0,1.509091,29.0,1.0,900.0,4.079637e-08,0.0,93.0,135.0,23.0,23.0,0.0,224.0,578.0,55.0,80.0,222.0,0.0313813393107312,7.0,8.0,224.0,{'exp'},0.0,86.0,0.0,0.0,83.0,0.0,43.0,7.0,7.0,37.0,37.0,0.0,19.0,19.0,0.0,0.0,135.0,621.0,linear,min,linear,,,,,,,True,,,,,,,,,,,,,,,-59.81738781,NLP,,GAMS Software Client Models,['other']
104,camcns,2001-07-31,General Equilibrium,indefinite,False,0.019847775175644,0.0,"{'mod', 'nl', 'py', 'ams', 'osil', 'gms'}",0.0,273.24339,6.540541,67.0,1.0,1986.09,5.836162e-07,0.0,243.0,280.0,17.0,17.0,0.0,850.0,1356.0,37.0,113.0,713.0,0.0238938550626862,96.0,96.0,850.0,"{'vcpower', 'div'}",0.0,147.0,0.0,0.0,242.0,0.0,0.0,1.0,1.0,89.0,89.0,0.0,40.0,40.0,0.0,0.0,280.0,1356.0,linear,,constant,,,,,True,,,,,,,,,,,,,,,,1.0,0.0,NLP,['g00187'],GAMSMODELLIB,['GAMS Model Library']
127,chakra,2001-07-31,Financial Optimization,indefinite,False,0.0545314900153609,-179.1335579,"{'mod', 'nl', 'py', 'ams', 'osil', 'gms'}",0.0,1.136868377e-13,1.0,1.0,1.0,10.0,0.1,0.0,41.0,62.0,0.0,0.0,0.0,21.0,122.0,41.0,41.0,41.0,0.0454545454545454,20.0,20.0,41.0,set(),0.0,22.0,0.0,0.0,41.0,20.0,20.0,0.0,0.0,0.0,0.0,0.0,21.0,22.0,0.0,0.0,62.0,142.0,convex,min,signomial,,,,,,,,,,,,,,,,,,,,,,-179.1335579,NLP,['g00204'],GAMSMODELLIB,['GAMS Model Library']
130,chenery,2001-07-31,Production,indefinite,False,0.0787119856887298,-1058.919871,"{'mod', 'nl', 'py', 'ams', 'osil', 'gms'}",1.4165378041428924e-08,217.0024408,2.692308,13.0,1.0,450.0,0.001,0.0,38.0,43.0,8.0,8.0,0.0,56.0,128.0,13.0,10.0,54.0,0.0695652173913043,15.0,16.0,56.0,"{'vcpower', 'div'}",0.0,23.0,0.0,0.0,35.0,0.0,4.0,0.0,0.0,7.0,7.0,0.0,8.0,8.0,0.0,0.0,43.0,132.0,linear,min,linear,,,,,True,,,,,,,,,,,,,,,,True,-1058.919856,NLP,['g00206'],GAMSMODELLIB,['GAMS Model Library']
322,ex14_1_1,2001-07-31,,indefinite,False,0.8666666666666667,-7.993605671e-15,"{'mod', 'nl', 'py', 'ams', 'osil', 'pip', 'gms'}",0.0,22.0,2.0,2.0,2.0,42.0,1.0,0.0,4.0,3.0,0.0,0.0,0.0,8.0,12.0,1.0,2.0,4.0,1.0,0.0,1.0,8.0,set(),0.0,4.0,0.0,0.0,2.0,0.0,1.0,4.0,4.0,0.0,0.0,0.0,0.0,0.0,0.0,0.0,3.0,13.0,linear,min,linear,,,,,,,,,,,,,,,,,,,,,,-7.993605671e-15,NLP,"['g00041', 'g00263']",FLOUDASBOOK(ex14.1.1),['Floudas e.a. handbook']
323,ex14_1_2,2001-07-31,,indefinite,False,0.7,0.0,"{'mod', 'nl', 'py', 'ams', 'osil', 'pip', 'gms'}",0.0,0.999899937,4.0,4.0,4.0,40.0,4.4975e-07,0.0,9.0,6.0,0.0,0.0,0.0,26.0,41.0,1.0,3.0,9.0,0.7222222222222222,0.0,1.0,26.0,set(),0.0,9.0,0.0,0.0,4.0,0.0,1.0,6.0,6.0,3.0,3.0,0.0,0.0,0.0,0.0,0.0,6.0,42.0,linear,min,linear,,,,,,,,,,,,,,,,,,,,,,4.767779057999999e-16,NLP,"['g00041', 'g00271']",FLOUDASBOOK(ex14.1.2),['Floudas e.a. handbook']
326,ex14_1_5,2001-07-31,,indefinite,False,0.7857142857142857,-7.999500886e-11,"{'mod', 'nl', 'py', 'ams', 'osil', 'pip', 'gms'}",0.0,6.0,5.0,5.0,5.0,2.0,1.0,0.0,6.0,6.0,0.0,0.0,0.0,10.0,32.0,1.0,0.0,20.0,1.0,4.0,5.0,10.0,set(),0.0,2.0,0.0,0.0,5.0,0.0,1.0,2.0,2.0,0.0,0.0,0.0,0.0,0.0,0.0,0.0,6.0,33.0,linear,min,linear,,,,,,,,,,,,,,,,,,,,,,-1.476596624e-14,NLP,"['g00041', 'g00272']",FLOUDASBOOK(ex14.1.5),['Floudas e.a. handbook']
356,ex4_1_1,2001-07-31,,linear,False,1.0,-7.487312372,"{'mod', 'nl', 'py', 'ams', 'osil', 'pip', 'gms'}",9.349148732896731e-10,0.0,1.0,1.0,1.0,7.1,0.4875,0.0,0.0,1.0,0.0,0.0,0.0,0.0,0.0,1.0,1.0,1.0,1.0,0.0,0.0,1.0,set(),0.0,1.0,0.0,0.0,1.0,1.0,1.0,0.0,1.0,0.0,0.0,0.0,0.0,0.0,0.0,0.0,1.0,1.0,nonconvex,min,polynomial,,,,,,,,,,,,,,,,,,,,,,-7.487312365,NLP,"['g00041', 'g00218']",FLOUDASBOOK(ex4.1.1),['Floudas e.a. handbook']
357,ex4_1_2,2001-07-31,,linear,False,1.0,-663.5000973,"{'mod', 'nl', 'py', 'ams', 'osil', 'pip', 'gms'}",1.0550111302937615e-09,0.0,1.0,1.0,1.0,500.0,0.106383,0.0,0.0,1.0,0.0,0.0,0.0,0.0,0.0,1.0,1.0,1.0,1.0,0.0,0.0,1.0,set(),0.0,1.0,0.0,0.0,1.0,1.0,1.0,0.0,1.0,0.0,0.0,0.0,0.0,0.0,0.0,0.0,1.0,1.0,nonconvex,min,polynomial,,,,,,,,,,,,,,,,,,,,,,-663.5000966,NLP,"['g00041', 'g00219']",FLOUDASBOOK(ex4.1.2),['Floudas e.a. handbook']
358,ex4_1_3,2001-07-31,,linear,False,1.0,-443.6717054,"{'mod', 'nl', 'py', 'ams', 'osil', 'pip', 'gms'}",1.5777431363068531e-09,0.0,1.0,1.0,1.0,5.0,8.9248e-05,0.0,0.0,1.0,0.0,0.0,0.0,0.0,0.0,1.0,1.0,1.0,1.0,0.0,0.0,1.0,set(),0.0,1.0,0.0,0.0,1.0,1.0,1.0,0.0,1.0,0.0,0.0,0.0,0.0,0.0,0.0,0.0,1.0,1.0,nonconvex,min,polynomial,,,,,,,,,,,,,,,,,,,,,,-443.6717047,NLP,"['g00041', 'g00220']",FLOUDASBOOK(ex4.1.3),['Floudas e.a. handbook']
359,ex4_1_4,2001-07-31,,linear,,1.0,-1e-09,"{'mod', 'nl', 'py', 'ams', 'osil', 'pip', 'gms'}",0.0,0.0,1.0,1.0,1.0,4.0,3.0,0.0,0.0,1.0,0.0,0.0,0.0,0.0,0.0,1.0,1.0,1.0,1.0,0.0,0.0,1.0,set(),0.0,1.0,0.0,0.0,1.0,1.0,1.0,0.0,1.0,0.0,0.0,0.0,0.0,0.0,0.0,0.0,1.0,1.0,nonconcave,min,polynomial,,,,,,,,,,,,,,,,,,,,,,0.0,NLP,"['g00041', 'g00221']",FLOUDASBOOK(ex4.1.4),['Floudas e.a. handbook']
360,ex4_1_5,2001-07-31,,linear,,1.0,-5e-10,"{'mod', 'nl', 'py', 'ams', 'osil', 'pip', 'gms'}",0.0,0.0,2.0,2.0,2.0,6.0,0.1666667,0.0,0.0,2.0,0.0,0.0,0.0,0.0,0.0,1.0,2.0,4.0,1.0,0.0,0.0,2.0,set(),0.0,1.0,0.0,0.0,2.0,2.0,2.0,0.0,1.0,0.0,0.0,0.0,0.0,0.0,0.0,0.0,2.0,2.0,nonconcave,min,polynomial,,,,,,,,,,,,,,,,,,,,,,0.0,NLP,"['g00041', 'g00221']",FLOUDASBOOK(ex4.1.5),['Floudas e.a. handbook']
361,ex4_1_6,2001-07-31,,linear,,1.0,6.999999993,"{'mod', 'nl', 'py', 'ams', 'osil', 'pip', 'gms'}",9.999999568577395e-10,0.0,1.0,1.0,1.0,27.0,4.0,0.0,0.0,1.0,0.0,0.0,0.0,0.0,0.0,1.0,1.0,1.0,1.0,0.0,0.0,1.0,set(),0.0,1.0,0.0,0.0,1.0,1.0,1.0,0.0,1.0,0.0,0.0,0.0,0.0,0.0,0.0,0.0,1.0,1.0,nonconcave,min,polynomial,,,,,,,,,,,,,,,,,,,,,,7.0,NLP,"['g00041', 'g00223']",FLOUDASBOOK(ex4.1.6),['Floudas e.a. handbook']
362,ex4_1_7,2001-07-31,,linear,False,1.0,-7.500000007,"{'mod', 'nl', 'py', 'ams', 'osil', 'pip', 'gms'}",9.333332921338903e-10,0.0,1.0,1.0,1.0,10.0,1.5,0.0,0.0,1.0,0.0,0.0,0.0,0.0,0.0,1.0,1.0,1.0,1.0,0.0,0.0,1.0,set(),0.0,1.0,0.0,0.0,1.0,1.0,1.0,0.0,1.0,0.0,0.0,0.0,0.0,0.0,0.0,0.0,1.0,1.0,nonconvex,min,polynomial,,,,,,,,,,,,,,,,,,,,,,-7.5,NLP,"['g00041', 'g00225']",FLOUDASBOOK(ex4.1.7),['Floudas e.a. handbook']
363,ex4_1_8,2001-07-31,,indefinite,False,1.0,-16.7388932,"{'mod', 'nl', 'py', 'ams', 'osil', 'pip', 'gms'}",1.1948220164275963e-09,5.095007812e-05,1.0,1.0,1.0,12.0,1.0,0.0,1.0,2.0,0.0,0.0,0.0,1.0,2.0,2.0,2.0,2.0,0.5,0.0,0.0,2.0,set(),0.0,2.0,0.0,0.0,2.0,1.0,2.0,1.0,1.0,0.0,1.0,0.0,0.0,0.0,0.0,0.0,2.0,4.0,convex,min,quadratic,,,,,,,,,,,,,,,,,,,,,,-16.73889318,NLP,"['g00041', 'g00227']",FLOUDASBOOK(ex4.1.8),['Floudas e.a. handbook']
364,ex4_1_9,2001-07-31,,nonconvex,False,1.0,-5.508013385,"{'mod', 'nl', 'py', 'ams', 'osil', 'pip', 'gms'}",2.0697117826976945e-08,0.0001318226299,1.0,1.0,1.0,96.0,1.0,0.0,2.0,2.0,0.0,0.0,0.0,2.0,4.0,1.0,1.0,1.0,1.0,0.0,1.0,2.0,set(),0.0,2.0,0.0,0.0,1.0,0.0,2.0,2.0,2.0,0.0,0.0,0.0,0.0,0.0,0.0,0.0,2.0,6.0,linear,min,linear,,,,,,,,,,,,,,,,,,,,,,-5.508013271,NLP,['g00041'],FLOUDASBOOK(ex4.1.9),['Floudas e.a. handbook']
389,ex7_2_1,2001-07-31,,indefinite,False,0.4285714285714285,1227.225669,"{'mod', 'nl', 'py', 'ams', 'osil', 'gms'}",3.308275000820709e-07,2.98979596,7.0,7.0,7.0,489510.0,1.22449e-05,0.0,14.0,7.0,0.0,0.0,0.0,31.0,40.0,1.0,7.0,33.0,0.3846153846153846,2.0,2.0,35.0,set(),0.0,13.0,0.0,0.0,7.0,4.0,5.0,0.0,0.0,2.0,3.0,0.0,10.0,10.0,0.0,0.0,7.0,45.0,indefinite,min,quadratic,,,,,,,,,,,,,,,,,,,,,,1227.226075,NLP,"['g00041', 'g00277']",FLOUDASBOOK(ex7.2.1),['Floudas e.a. handbook']
390,ex7_2_2,2001-07-31,,indefinite,False,0.4444444444444444,-0.3888116212,"{'mod', 'nl', 'py', 'ams', 'osil', 'gms'}",4.806957397448003e-07,1.0,3.0,3.0,3.0,1.0,0.03527172,0.0,5.0,6.0,0.0,0.0,0.0,10.0,15.0,2.0,2.0,10.0,0.3333333333333333,0.0,1.0,10.0,set(),0.0,5.0,0.0,0.0,6.0,0.0,1.0,0.0,0.0,4.0,4.0,0.0,1.0,1.0,0.0,0.0,6.0,16.0,linear,min,linear,,,,,,,,,,,,,,,,,,,,,,-0.3888114343,NLP,"['g00041', 'g00228', 'g00240', 'g00275', 'g00276']",FLOUDASBOOK(ex7.2.2),['Floudas e.a. handbook']
391,ex7_2_3,2001-07-31,,indefinite,False,0.3571428571428571,7048.544265,"{'mod', 'nl', 'py', 'ams', 'osil', 'gms'}",9.984402077093948e-05,122.5,8.0,8.0,8.0,1250000.0,0.0025,0.0,6.0,8.0,0.0,0.0,0.0,10.0,17.0,1.0,6.0,28.0,0.4166666666666667,3.0,4.0,10.0,set(),0.0,3.0,0.0,0.0,8.0,0.0,3.0,0.0,0.0,0.0,0.0,0.0,3.0,3.0,0.0,0.0,8.0,20.0,linear,min,linear,,,,,,,,,,,,,,,,,,,,,,7049.24802,NLP,"['g00041', 'g00244']",FLOUDASBOOK(ex7.2.3),['Floudas e.a. handbook']
392,ex7_2_4,2001-07-31,,indefinite,False,0.425,3.918008922,"{'mod', 'nl', 'py', 'ams', 'osil', 'gms'}",3.328221109088546e-07,105.6895982,4.0,4.0,4.0,4.0,0.0588,0.0,4.0,8.0,0.0,0.0,0.0,10.0,13.0,2.0,8.0,24.0,0.35,0.0,0.0,14.0,set(),0.0,5.0,0.0,0.0,8.0,4.0,4.0,0.0,0.0,2.0,2.0,0.0,2.0,3.0,0.0,0.0,8.0,17.0,indefinite,min,signomial,,,,,,,,,,,,,,,,,,,,,,3.918010226,NLP,"['g00041', 'g00277']",FLOUDASBOOK(ex7.2.4),['Floudas e.a. handbook']
393,ex7_3_1,2001-07-31,,indefinite,False,0.5,0.341739553,"{'mod', 'nl', 'py', 'ams', 'osil', 'pip', 'gms'}",0.0,800.0,3.0,3.0,3.0,1000.0,1.0,0.0,7.0,4.0,0.0,0.0,0.0,3.0,15.0,1.0,3.0,9.0,1.0,6.0,7.0,3.0,set(),0.0,1.0,0.0,0.0,3.0,0.0,1.0,1.0,1.0,0.0,0.0,0.0,0.0,0.0,0.0,0.0,4.0,16.0,linear,min,linear,,,,,,,,,,,,,,,,,,,,,,0.3417395531,NLP,"['g00041', 'g00270']",FLOUDASBOOK(ex7.3.1),['Floudas e.a. handbook']
394,ex7_3_2,2001-07-31,,indefinite,False,0.5,1.08986397,"{'mod', 'nl', 'py', 'ams', 'osil', 'pip', 'gms'}",9.175457765984972e-10,1.5,3.0,3.0,3.0,4.0,0.2,0.0,7.0,4.0,0.0,0.0,0.0,3.0,15.0,1.0,2.0,6.0,1.0,6.0,7.0,3.0,set(),0.0,1.0,0.0,0.0,3.0,0.0,1.0,1.0,1.0,0.0,0.0,0.0,0.0,0.0,0.0,0.0,4.0,16.0,linear,min,linear,,,,,,,,,,,,,,,,,,,,,,1.089863971,NLP,"['g00041', 'g00233']",FLOUDASBOOK(ex7.3.2),['Floudas e.a. handbook']
396,ex7_3_4,2001-07-31,,indefinite,False,0.2407407407407407,6.274634328,"{'mod', 'nl', 'py', 'ams', 'osil', 'pip', 'gms'}",1.434346511050567e-09,10.0,4.5,5.0,4.0,1364.67,0.005,0.0,17.0,12.0,0.0,0.0,0.0,23.0,51.0,2.0,3.0,25.0,0.365079365079365,10.0,11.0,23.0,set(),0.0,7.0,0.0,0.0,9.0,0.0,1.0,6.0,6.0,1.0,1.0,0.0,0.0,0.0,0.0,0.0,12.0,52.0,linear,min,linear,,,,,,,,,,,,,,,,,,,,,,6.274634337,NLP,"['g00041', 'g00252']",FLOUDASBOOK(ex7.3.4),['Floudas e.a. handbook']
397,ex7_3_5,2001-07-31,,indefinite,False,0.2163461538461538,1.206653048,"{'mod', 'nl', 'py', 'ams', 'osil', 'pip', 'gms'}",0.0001809816006034,0.2,5.0,8.0,2.0,8.0,1.08e-05,0.0,15.0,13.0,0.0,0.0,0.0,25.0,44.0,2.0,3.0,19.0,0.2272727272727272,4.0,5.0,25.0,set(),0.0,11.0,0.0,0.0,10.0,0.0,1.0,9.0,9.0,2.0,2.0,0.0,0.0,0.0,0.0,0.0,13.0,45.0,linear,min,linear,,,,,,,,,,,,,,,,,,,,,,1.20687143,NLP,"['g00041', 'g00237']",FLOUDASBOOK(ex7.3.5),['Floudas e.a. handbook']
401,ex8_1_3,2001-07-31,,linear,,1.0,,"{'mod', 'nl', 'py', 'ams', 'osil', 'pip', 'gms'}",inf,0.0,2.0,2.0,2.0,48.0,1.0,0.0,0.0,2.0,0.0,0.0,0.0,0.0,0.0,1.0,2.0,4.0,1.0,0.0,0.0,2.0,set(),0.0,1.0,0.0,0.0,2.0,2.0,2.0,0.0,1.0,0.0,0.0,0.0,0.0,0.0,0.0,0.0,2.0,2.0,nonconcave,min,polynomial,,,,,,,,,,,,,,,,,,,,,,3.0,NLP,"['g00041', 'g00223']",FLOUDASBOOK(ex8.1.3),['Floudas e.a. handbook']
402,ex8_1_4,2001-07-31,,linear,,1.0,-2.273363431e-07,"{'mod', 'nl', 'py', 'ams', 'osil', 'pip', 'gms'}",inf,0.0,2.0,2.0,2.0,12.0,4.0,0.0,0.0,2.0,0.0,0.0,0.0,0.0,0.0,1.0,2.0,4.0,1.0,0.0,0.0,2.0,set(),0.0,1.0,0.0,0.0,2.0,2.0,2.0,0.0,1.0,0.0,0.0,0.0,0.0,0.0,0.0,0.0,2.0,2.0,nonconcave,min,polynomial,,,,,,,,,,,,,,,,,,,,,,0.0,NLP,"['g00041', 'g00221']",FLOUDASBOOK(ex8.1.4),['Floudas e.a. handbook']
403,ex8_1_5,2001-07-31,,linear,False,1.0,,"{'mod', 'nl', 'py', 'ams', 'osil', 'pip', 'gms'}",inf,0.0,2.0,2.0,2.0,6.0,0.3333333,0.0,0.0,2.0,0.0,0.0,0.0,0.0,0.0,1.0,2.0,4.0,1.0,0.0,0.0,2.0,set(),0.0,1.0,0.0,0.0,2.0,2.0,2.0,0.0,1.0,0.0,0.0,0.0,0.0,0.0,0.0,0.0,2.0,2.0,indefinite,min,polynomial,,,,,,,,,,,,,,,,,,,,,,-1.031628453,NLP,"['g00041', 'g00221']",FLOUDASBOOK(ex8.1.5),['Floudas e.a. handbook']
405,ex8_1_7,2001-07-31,,indefinite,False,0.6333333333333333,0.0293108297,"{'mod', 'nl', 'py', 'ams', 'osil', 'pip', 'gms'}",0.0,6.242640687,5.0,5.0,5.0,4.0,0.5,0.0,5.0,5.0,0.0,0.0,0.0,8.0,14.0,1.0,5.0,15.0,0.4333333333333333,0.0,0.0,13.0,set(),0.0,6.0,0.0,0.0,5.0,5.0,5.0,2.0,3.0,3.0,3.0,0.0,0.0,0.0,0.0,0.0,5.0,19.0,indefinite,min,polynomial,,,,,,,,,,,,,,,,,,,,,,0.0293108307,NLP,"['g00041', 'g00228', 'g00238']",FLOUDASBOOK(ex8.1.7),['Floudas e.a. handbook']
413,ex8_3_7,2001-07-31,,indefinite,False,0.0570063150708312,-10000000000.0,"{'mod', 'nl', 'py', 'ams', 'osil', 'gms'}",8112805700.075606,340.0,7.5625,12.0,5.0,6.0,0.1,0.0,92.0,126.0,0.0,0.0,0.0,535.0,666.0,16.0,11.0,463.0,0.0672426746806912,27.0,27.0,537.0,set(),0.0,66.0,0.0,0.0,121.0,2.0,2.0,0.0,0.0,65.0,65.0,0.0,0.0,1.0,0.0,0.0,126.0,668.0,indefinite,min,signomial,,,,,,,,,,,,,,,,,,,,,,-1.232619191,NLP,['g00041'],FLOUDASBOOK(ex8.3.7),['Floudas e.a. handbook']
417,ex8_4_2,2001-07-31,,indefinite,False,0.303030303030303,0.3970724311,"{'mod', 'nl', 'py', 'ams', 'osil', 'pip', 'gms'}",0.2218236495442254,693.6644713,2.090909,13.0,1.0,7.4,0.9,0.0,10.0,24.0,0.0,0.0,0.0,40.0,60.0,11.0,20.0,80.0,0.2371541501976284,0.0,0.0,60.0,set(),0.0,11.0,0.0,0.0,23.0,20.0,20.0,10.0,10.0,0.0,1.0,0.0,0.0,0.0,0.0,0.0,24.0,80.0,convex,min,quadratic,,,,,,,,,,,,,,,,,,,,,,0.4851524869,NLP,"['g00041', 'g00286', 'g00290']",FLOUDASBOOK(ex8.4.2),['Floudas e.a. handbook']
421,ex8_4_6,2001-07-31,,indefinite,False,0.5079365079365079,0.001052583594,"{'mod', 'nl', 'py', 'ams', 'osil', 'gms'}",0.0497778982103345,0.7957975078,1.272727,2.0,1.0,118.0,0.0616,0.0,8.0,14.0,8.0,8.0,0.0,48.0,56.0,11.0,11.0,17.0,0.4444444444444444,0.0,0.0,56.0,"{'exp', 'mul'}",0.0,9.0,0.0,0.0,14.0,8.0,8.0,0.0,0.0,0.0,0.0,0.0,0.0,1.0,0.0,0.0,14.0,64.0,nonconcave,min,signomial,,,,,,,True,,,,,,True,,,,,,,,,0.001104978993,NLP,"['g00041', 'g00296']",FLOUDASBOOK(ex8.4.6),['Floudas e.a. handbook']
423,ex8_4_8_bnd,2001-07-31,,indefinite,False,0.1075268817204301,3.321695769,"{'mod', 'nl', 'py', 'ams', 'osil', 'gms'}",4.562278141614801e-05,422.3264457,7.0,32.0,2.0,3626.55,1.0,0.0,30.0,42.0,20.0,20.0,0.0,110.0,120.0,6.0,32.0,154.0,0.0998463901689708,0.0,0.0,130.0,"{'sqr', 'log', 'div', 'mul', 'exp'}",0.0,31.0,0.0,0.0,42.0,20.0,20.0,10.0,10.0,0.0,1.0,0.0,0.0,0.0,0.0,0.0,42.0,140.0,convex,min,quadratic,,,,,True,,True,,True,,,,True,,,,,True,,,,3.321847314,NLP,"['g00041', 'g00286', 'g00294']",FLOUDASBOOK(ex8.4.8) with added bounds,['Floudas e.a. handbook']
424,ex8_5_1,2001-07-31,,indefinite,False,0.6666666666666666,-1.314964491,"{'mod', 'nl', 'py', 'ams', 'osil', 'gms'}",3229466.5364277884,1.0,3.0,3.0,3.0,3.800824,0.14998,0.0,4.0,6.0,0.0,1.0,0.0,6.0,14.0,2.0,5.0,17.0,0.6666666666666666,2.0,2.0,12.0,"{'log', 'div', 'mul'}",0.0,3.0,0.0,0.0,6.0,6.0,6.0,1.0,1.0,1.0,1.0,0.0,0.0,0.0,0.0,0.0,6.0,20.0,unknown,min,nonlinear,,,,,True,,,,True,,,,True,,,,,,,,,-4.071768724e-07,NLP,"['g00041', 'g00246']",FLOUDASBOOK(ex8.5.1),['Floudas e.a. handbook']
425,ex8_5_2,2001-07-31,,indefinite,False,0.6666666666666666,-1.506016615,"{'mod', 'nl', 'py', 'ams', 'osil', 'gms'}",130915656.65485704,1.0,3.0,3.0,3.0,3.53797,0.14998,0.0,4.0,6.0,0.0,1.0,0.0,6.0,14.0,2.0,5.0,17.0,0.6666666666666666,2.0,2.0,12.0,"{'log', 'div', 'mul'}",0.0,3.0,0.0,0.0,6.0,6.0,6.0,1.0,1.0,1.0,1.0,0.0,0.0,0.0,0.0,0.0,6.0,20.0,unknown,min,nonlinear,,,,,True,,,,True,,,,True,,,,,,,,,-1.150371653e-08,NLP,['g00041'],FLOUDASBOOK(ex8.5.2),['Floudas e.a. handbook']
426,ex8_5_3,2001-07-31,,indefinite,False,0.64,-0.004139556759,"{'mod', 'nl', 'py', 'ams', 'osil', 'gms'}",0.0009979209109689,1.0,2.5,3.0,2.0,5.046432,0.0765784,0.0,4.0,5.0,0.0,1.0,0.0,5.0,11.0,2.0,4.0,12.0,0.6666666666666666,2.0,2.0,10.0,"{'log', 'div', 'mul'}",0.0,3.0,0.0,0.0,5.0,5.0,5.0,1.0,1.0,1.0,1.0,0.0,0.0,0.0,0.0,0.0,5.0,16.0,unknown,min,nonlinear,,,,,True,,,,True,,,,True,,,,,,,,,-0.004135429927,NLP,"['g00041', 'g00283']",FLOUDASBOOK(ex8.5.3),['Floudas e.a. handbook']
427,ex8_5_4,2001-07-31,,indefinite,False,0.64,-0.0004260336208,"{'mod', 'nl', 'py', 'ams', 'osil', 'gms'}",0.0020852074449603,1.0,2.5,3.0,2.0,3.275274,0.12932,0.0,4.0,5.0,0.0,1.0,0.0,5.0,11.0,2.0,4.0,12.0,0.6666666666666666,2.0,2.0,10.0,"{'log', 'div', 'mul'}",0.0,3.0,0.0,0.0,5.0,5.0,5.0,1.0,1.0,1.0,1.0,0.0,0.0,0.0,0.0,0.0,5.0,16.0,unknown,min,nonlinear,,,,,True,,,,True,,,,True,,,,,,,,,-0.0004251471009,NLP,"['g00041', 'g00279']",FLOUDASBOOK(ex8.5.4),['Floudas e.a. handbook']
428,ex8_5_5,2001-07-31,,indefinite,False,0.64,-0.01075648495,"{'mod', 'nl', 'py', 'ams', 'osil', 'gms'}",0.0002922086721214,1.0,2.5,3.0,2.0,3.0,0.0885973,0.0,4.0,5.0,0.0,1.0,0.0,5.0,11.0,2.0,4.0,12.0,0.6666666666666666,2.0,2.0,10.0,"{'log', 'div', 'mul'}",0.0,3.0,0.0,0.0,5.0,5.0,5.0,1.0,1.0,1.0,1.0,0.0,0.0,0.0,0.0,0.0,5.0,16.0,unknown,min,nonlinear,,,,,True,,,,True,,,,True,,,,,,,,,-0.01075334273,NLP,"['g00041', 'g00279']",FLOUDASBOOK(ex8.5.5),['Floudas e.a. handbook']
429,ex8_5_6,2001-07-31,,indefinite,False,0.6666666666666666,-0.00122725642,"{'mod', 'nl', 'py', 'ams', 'osil', 'gms'}",0.0512983532703788,1.0,3.0,3.0,3.0,3.0,0.0815247,0.0,4.0,6.0,0.0,1.0,0.0,6.0,14.0,2.0,5.0,17.0,0.6666666666666666,2.0,2.0,12.0,"{'log', 'div', 'mul'}",0.0,3.0,0.0,0.0,6.0,6.0,6.0,1.0,1.0,1.0,1.0,0.0,0.0,0.0,0.0,0.0,6.0,20.0,unknown,min,nonlinear,,,,,True,,,,True,,,,True,,,,,,,,,-0.001167372151,NLP,"['g00041', 'g00279']",FLOUDASBOOK(ex8.5.6),['Floudas e.a. handbook']
430,ex8_6_1,2001-07-31,,indefinite,False,0.1043478260869565,,"{'mod', 'nl', 'py', 'ams', 'osil', 'gms'}",inf,4.996003611e-16,1.630435,30.0,1.0,6.0,1.0,0.0,45.0,75.0,45.0,45.0,0.0,270.0,315.0,46.0,75.0,945.0,0.0913043478260869,0.0,0.0,315.0,"{'sqr', 'div'}",0.0,46.0,0.0,0.0,75.0,45.0,45.0,0.0,1.0,0.0,0.0,0.0,0.0,0.0,0.0,0.0,75.0,360.0,indefinite,min,polynomial,,,,,True,,,,,,,,,,,,,True,,,,-28.42253189,NLP,['g00041'],FLOUDASBOOK(ex8.6.1),['Floudas e.a. handbook']
457,fct,2001-07-31,Test Problem,indefinite,False,0.3818181818181818,,"{'ams', 'gms'}",inf,20.0,2.333333,5.0,1.0,4.0,1.0,0.0,9.0,11.0,2.0,2.0,0.0,26.0,40.0,3.0,7.0,27.0,0.5306122448979592,2.0,3.0,26.0,"{'mod', 'abs', 'sin'}",0.0,7.0,0.0,0.0,7.0,0.0,2.0,1.0,1.0,4.0,4.0,0.0,0.0,0.0,0.0,0.0,11.0,42.0,linear,min,linear,1.0,,,,,,,,,,,1.0,,,,,1.0,,,,,9.692234055e-26,NLP,['g00447'],GAMSMODELLIB,['GAMS Model Library']
506,gancns,2001-07-31,General Equilibrium,indefinite,False,0.0143111790170613,0.0,"{'mod', 'nl', 'py', 'ams', 'osil', 'gms'}",0.0,12882.659,7.586207,36.0,2.0,5883.075,8.7e-05,0.0,274.0,357.0,36.0,36.0,0.0,817.0,1405.0,29.0,134.0,868.0,0.02007371007371,89.0,89.0,817.0,"{'log', 'vcpower', 'div', 'mul'}",0.0,185.0,0.0,0.0,220.0,0.0,0.0,19.0,19.0,84.0,84.0,0.0,46.0,46.0,0.0,0.0,357.0,1405.0,linear,,constant,,,,,True,,,,True,,,,True,,,,,,,,True,0.0,NLP,['g00186'],GAMSMODELLIB,['GAMS Model Library']
508,gasoil100,2001-07-31,Catalytic Cracking of Gas Oil,indefinite,False,0.0020383737531959,0.0,"{'mod', 'nl', 'py', 'ams', 'osil', 'pip', 'gms'}",inf,0.2,22.840909,402.0,1.0,1.0,3.037372e-09,0.0,2598.0,2603.0,0.0,0.0,0.0,2800.0,13588.0,44.0,602.0,3802.0,0.003729169384041,1798.0,1798.0,3002.0,set(),0.0,801.0,0.0,0.0,1005.0,202.0,202.0,800.0,800.0,0.0,1.0,0.0,0.0,0.0,0.0,0.0,2603.0,13790.0,convex,min,quadratic,,,,,,,,,,,,,,,,,,,,,,0.005236594316,NLP,"['g00297', 'g00298', 'g00304', 'g00320']","GAMSMODELLIB(gasoil), COPS",['GAMS Model Library']
509,gasoil200,2001-07-31,Catalytic Cracking of Gas Oil,indefinite,False,0.0010125544553006,0.0,"{'mod', 'nl', 'py', 'ams', 'osil', 'pip', 'gms'}",inf,0.2,41.022727,802.0,1.0,1.0,1.518686e-09,0.0,5198.0,5203.0,0.0,0.0,0.0,5600.0,27188.0,44.0,1002.0,6602.0,0.0020077479276283,3598.0,3598.0,5802.0,set(),0.0,1601.0,0.0,0.0,1805.0,202.0,202.0,1600.0,1600.0,0.0,1.0,0.0,0.0,0.0,0.0,0.0,5203.0,27390.0,convex,min,quadratic,,,,,,,,,,,,,,,,,,,,,,0.005236595871,NLP,"['g00297', 'g00298', 'g00304', 'g00320']","GAMSMODELLIB(gasoil), COPS",['GAMS Model Library']
510,gasoil400,2001-07-31,Catalytic Cracking of Gas Oil,indefinite,False,0.0005046182087196,0.0,"{'mod', 'nl', 'py', 'ams', 'osil', 'pip', 'gms'}",inf,0.2,77.386364,1602.0,1.0,1.0,7.59343e-10,0.0,10398.0,10403.0,0.0,0.0,0.0,11200.0,54388.0,44.0,1802.0,12202.0,0.0010461121501586,7198.0,7198.0,11402.0,set(),0.0,3201.0,0.0,0.0,3405.0,202.0,202.0,3200.0,3200.0,0.0,1.0,0.0,0.0,0.0,0.0,0.0,10403.0,54590.0,convex,min,quadratic,,,,,,,,,,,,,,,,,,,,,,0.005236595833,NLP,"['g00297', 'g00298', 'g00304', 'g00320']","GAMSMODELLIB(gasoil), COPS",['GAMS Model Library']
511,gasoil50,2001-07-31,Catalytic Cracking of Gas Oil,indefinite,False,0.0041297485461689,0.0,"{'mod', 'nl', 'py', 'ams', 'osil', 'pip', 'gms'}",inf,0.2,13.75,202.0,1.0,1.0,6.074744e-09,0.0,1298.0,1303.0,0.0,0.0,0.0,1400.0,6788.0,44.0,402.0,2402.0,0.0066033263947569,898.0,898.0,1602.0,set(),0.0,401.0,0.0,0.0,605.0,202.0,202.0,400.0,400.0,0.0,1.0,0.0,0.0,0.0,0.0,0.0,1303.0,6990.0,convex,min,quadratic,,,,,,,,,,,,,,,,,,,,,,0.005236640021,NLP,"['g00297', 'g00298', 'g00304', 'g00320']","GAMSMODELLIB(gasoil), COPS",['GAMS Model Library']
554,glider100,2001-07-31,Hang Glider,indefinite,False,0.0030361688087232,,"{'mod', 'nl', 'py', 'ams', 'osil', 'gms'}",inf,12.23,5.477833,910.0,1.0,100.0,0.01,0.0,1209.0,1315.0,202.0,202.0,0.0,3018.0,4830.0,203.0,606.0,3434.0,0.0024516971788422,102.0,103.0,3018.0,"{'sqrt', 'exp', 'sqr', 'mul'}",0.0,1107.0,0.0,0.0,1112.0,0.0,1.0,202.0,202.0,501.0,501.0,0.0,202.0,202.0,0.0,0.0,1315.0,4831.0,linear,min,linear,,,,,,,True,,,,,,True,,,,,True,1.0,,,-1255.058601,NLP,"['g00307', 'g00320']","GAMSMODELLIB(glider), COPS",['GAMS Model Library']
555,glider200,2001-07-31,Hang Glider,indefinite,False,0.0015282086272145,,"{'mod', 'nl', 'py', 'ams', 'osil', 'gms'}",inf,12.23,5.488834,1810.0,1.0,200.0,0.01,0.0,2409.0,2615.0,402.0,402.0,0.0,6018.0,9630.0,403.0,1206.0,6834.0,0.0012327208102445,202.0,203.0,6018.0,"{'sqrt', 'exp', 'sqr', 'mul'}",0.0,2207.0,0.0,0.0,2212.0,0.0,1.0,402.0,402.0,1001.0,1001.0,0.0,402.0,402.0,0.0,0.0,2615.0,9631.0,linear,min,linear,,,,,,,True,,,,,,True,,,,,True,True,,,-1248.896362,NLP,"['g00307', 'g00320']","GAMSMODELLIB(glider), COPS",['GAMS Model Library']
556,glider400,2001-07-31,Hang Glider,indefinite,False,0.0007666594243775,,"{'mod', 'nl', 'py', 'ams', 'osil', 'gms'}",inf,12.23,5.494396,3610.0,1.0,400.0,0.01,0.0,4809.0,5215.0,802.0,802.0,0.0,12018.0,19230.0,803.0,2406.0,13634.0,0.0006180927441528,402.0,403.0,12018.0,"{'sqrt', 'exp', 'sqr', 'mul'}",0.0,4407.0,0.0,0.0,4412.0,0.0,1.0,802.0,802.0,2001.0,2001.0,0.0,802.0,802.0,0.0,0.0,5215.0,19231.0,linear,min,linear,,,,,,,True,,,,,,True,,,,,True,True,,,-1247.974318,NLP,"['g00307', 'g00320']","GAMSMODELLIB(glider), COPS",['GAMS Model Library']
557,glider50,2001-07-31,Hang Glider,indefinite,False,0.0059928509799087,-86500029070.0,"{'mod', 'nl', 'py', 'ams', 'osil', 'gms'}",354430.1188746023,12.23,5.456311,460.0,1.0,50.0,0.01,0.0,609.0,665.0,102.0,102.0,0.0,1518.0,2430.0,103.0,306.0,1734.0,0.0048493134931029,52.0,53.0,1518.0,"{'sqrt', 'exp', 'sqr', 'mul'}",0.0,557.0,0.0,0.0,562.0,0.0,1.0,102.0,102.0,251.0,251.0,0.0,102.0,102.0,0.0,0.0,665.0,2431.0,linear,min,linear,,,,,,,True,,,,,,True,,,,,True,True,,,-244053.1445,NLP,"['g00307', 'g00320']","GAMSMODELLIB(glider), COPS",['GAMS Model Library']
589,gsg_0001,2003-12-11,,indefinite,False,0.0419786702972543,2378.160491,"{'mod', 'nl', 'py', 'ams', 'osil', 'gms'}",9.250847367256872e-09,509.4,2.0,2.0,2.0,130.0,0.00760449,0.0,112.0,78.0,0.0,0.0,0.0,44.0,369.0,22.0,22.0,66.0,1.0,111.0,112.0,44.0,set(),0.0,1.0,0.0,0.0,44.0,0.0,1.0,0.0,0.0,0.0,0.0,0.0,1.0,1.0,0.0,0.0,78.0,370.0,linear,min,linear,,,,,,,,,,,,,,,,,,,,,,2378.160513,NLP,,GAMS Software GmbH Client Model,['other']
605,hhfair,2001-07-31,Financial Optimization,indefinite,False,0.1061007957559681,,"{'mod', 'nl', 'py', 'ams', 'osil', 'gms'}",inf,470.0,3.75,4.0,3.0,1004.724,0.01,0.0,25.0,29.0,3.0,3.0,0.0,18.0,77.0,4.0,11.0,41.0,0.2,19.0,19.0,21.0,"{'vcpower', 'sqr'}",0.0,7.0,0.0,0.0,15.0,3.0,3.0,0.0,0.0,3.0,3.0,0.0,0.0,1.0,0.0,0.0,29.0,80.0,indefinite,min,signomial,,,,,,,,,,,,,,,,,,True,,,True,-87.15903761,NLP,['g00135'],GAMSMODELLIB,['GAMS Model Library']
616,hybriddynamic_varcc,2014-08-18,Hybrid Dynamic Systems,indefinite,False,0.0231489767913609,1.536415161,"{'mod', 'nl', 'py', 'ams', 'osil', 'pip', 'gms'}",0.0,3.0,2.290323,3.0,1.0,1000.0,1.0,0.0,110.0,151.0,0.0,0.0,0.0,40.0,327.0,31.0,11.0,91.0,0.067739771965124,90.0,90.0,101.0,set(),0.0,21.0,0.0,0.0,71.0,61.0,61.0,0.0,1.0,20.0,20.0,0.0,0.0,0.0,0.0,0.0,151.0,388.0,indefinite,min,polynomial,,,,,,,,,,,,,,,,,,,,,,1.536415161,NLP,['MINLP27'],"MINLPORG(27,del_asl_hvar.gms)",['minlp.org']
622,infeas1,2002-08-23,,indefinite,False,0.0208022218175195,16129.37562,"{'mod', 'nl', 'py', 'ams', 'osil', 'gms'}",0.1785657765916619,0.0005578024454,105.0,155.0,55.0,5954.33,0.0001127623,0.0,1614.0,272.0,104.0,104.0,0.0,3687.0,8930.0,2.0,146.0,9546.0,0.1124098124098124,1450.0,1450.0,3895.0,"{'log', 'exp'}",0.0,165.0,0.0,0.0,210.0,208.0,208.0,0.0,0.0,0.0,0.0,0.0,60.0,61.0,0.0,0.0,272.0,9138.0,indefinite,max,signomial,,,,,,,True,,True,,,,,,,,,,,,,13685.59646,NLP,,GAMS Development Client Model,['other']
665,kall_ellipsoids_tc02b,2016-04-26,Geometry,indefinite,False,0.0239434858714678,22.5,"{'mod', 'nl', 'py', 'ams', 'osil', 'gms'}",0.4399999999999999,5.535399671,3.833333,24.0,1.0,3.0,0.25,0.0,128.0,124.0,1.0,1.0,0.0,133.0,382.0,18.0,46.0,448.0,0.0401570048309178,80.0,81.0,133.0,"{'sqrt', 'sqr', 'mul'}",0.0,48.0,0.0,0.0,69.0,0.0,1.0,4.0,4.0,43.0,43.0,0.0,0.0,0.0,0.0,0.0,124.0,383.0,linear,min,linear,,,,,,,,,,,,,True,,,,,True,True,,,32.4,NLP,['Kallrath2015'],,['other']
666,kall_ellipsoids_tc03c,2016-04-26,Geometry,indefinite,False,0.0163067778333026,18.97521963,"{'mod', 'nl', 'py', 'ams', 'osil', 'gms'}",0.9211139038605162,10.97521963,4.269231,45.0,1.0,3.0,0.25,0.0,196.0,193.0,3.0,3.0,0.0,238.0,619.0,26.0,73.0,853.0,0.0289749208668127,122.0,123.0,238.0,"{'sqrt', 'sqr', 'mul'}",0.0,74.0,0.0,0.0,111.0,0.0,1.0,5.0,5.0,66.0,66.0,0.0,0.0,0.0,0.0,0.0,193.0,620.0,linear,min,linear,,,,,,,,,,,,,True,,,,,True,True,,,36.45355826,NLP,['Kallrath2015'],,['other']
667,kall_ellipsoids_tc05a,2016-04-26,Geometry,indefinite,False,0.0123152709359605,20.99212211,"{'mod', 'nl', 'py', 'ams', 'osil', 'pip', 'gms'}",0.8767923844741773,285.6128494,12.409091,210.0,1.0,11.11111,0.144,0.0,461.0,464.0,0.0,0.0,0.0,2008.0,2639.0,22.0,225.0,4581.0,0.0229137425399107,140.0,141.0,2008.0,set(),0.0,321.0,0.0,0.0,273.0,0.0,1.0,126.0,126.0,195.0,195.0,0.0,0.0,0.0,0.0,0.0,464.0,2640.0,linear,min,linear,,,,,,,,,,,,,,,,,,,,,,39.39785491,NLP,['Kallrath2015'],,['other']
676,korcns,2001-07-31,General Equilibrium,indefinite,False,0.0456223628691983,0.0,"{'mod', 'nl', 'py', 'ams', 'osil', 'gms'}",0.0,337.6033732,6.454545,23.0,2.0,3.85424,1e-05,0.0,78.0,96.0,5.0,5.0,0.0,200.0,346.0,11.0,29.0,173.0,0.0640204865556978,34.0,34.0,200.0,{'vcpower'},0.0,44.0,0.0,0.0,71.0,0.0,0.0,1.0,1.0,27.0,27.0,0.0,11.0,11.0,0.0,0.0,96.0,346.0,linear,,constant,,,,,,,,,,,,,,,,,,,,,True,0.0,NLP,['g00053'],GAMSMODELLIB,['GAMS Model Library']
693,lakes,2017-02-06,Water Resource Management,indefinite,False,0.0421940928270042,350.521507,"{'mod', 'nl', 'py', 'ams', 'osil', 'gms'}",9.377741263741478e-06,551.1004898,1.153846,2.0,1.0,556554.8,0.001,0.0,78.0,90.0,0.0,0.0,0.0,30.0,240.0,78.0,90.0,114.0,0.0526315789473684,60.0,60.0,90.0,set(),0.0,19.0,0.0,0.0,90.0,60.0,60.0,0.0,0.0,0.0,1.0,0.0,18.0,18.0,0.0,0.0,90.0,300.0,convex,min,quadratic,,,,,,,,,,,,,,,,,,,,,,350.5247941,NLP,,"CUTE model <a href=""http://orfe.princeton.edu/~rvdb/ampl/nlmodels/cute/lakes.mod"">lakes</a>",['other']
713,mathopt1,2001-07-31,Test Problem,indefinite,False,1.0,0.0,"{'mod', 'nl', 'py', 'ams', 'osil', 'pip', 'gms'}",0.0,120.0,2.0,2.0,2.0,10.0,1.0,0.0,2.0,2.0,0.0,0.0,0.0,2.0,4.0,1.0,2.0,4.0,1.0,1.0,1.0,4.0,set(),0.0,2.0,0.0,0.0,2.0,2.0,2.0,0.0,1.0,1.0,1.0,0.0,0.0,0.0,0.0,0.0,2.0,6.0,nonconcave,min,polynomial,,,,,,,,,,,,,,,,,,,,,,3.289428863e-18,NLP,"['g00448', 'g00449', 'g00450']",GAMSMODELLIB,['GAMS Model Library']
714,mathopt2,2001-07-31,Test Problem,indefinite,False,1.0,0.0,"{'mod', 'nl', 'py', 'ams', 'osil', 'pip', 'gms'}",0.0,210.0,2.0,2.0,2.0,10.0,1.0,0.0,4.0,2.0,0.0,0.0,0.0,2.0,8.0,1.0,2.0,4.0,1.0,3.0,3.0,4.0,set(),0.0,2.0,0.0,0.0,2.0,2.0,2.0,0.0,1.0,1.0,1.0,0.0,0.0,0.0,0.0,0.0,2.0,10.0,nonconcave,min,polynomial,,,,,,,,,,,,,,,,,,,,,,5.314966866999999e-35,NLP,"['g00448', 'g00449', 'g00450']",GAMSMODELLIB,['GAMS Model Library']
716,mathopt4,2001-07-31,Test Problem,indefinite,False,1.0,0.0,"{'mod', 'nl', 'py', 'ams', 'osil', 'gms'}",0.0,0.0,2.0,2.0,2.0,100.0,1.0,0.0,2.0,2.0,1.0,1.0,0.0,2.0,4.0,1.0,2.0,4.0,1.0,1.0,1.0,4.0,{'sin'},0.0,2.0,0.0,0.0,2.0,2.0,2.0,0.0,1.0,0.0,0.0,0.0,0.0,0.0,0.0,0.0,2.0,6.0,nonconcave,min,polynomial,,,,,,,,,,,,,,,,,True,,,,,0.0,NLP,"['g00448', 'g00449', 'g00450']",GAMSMODELLIB,['GAMS Model Library']
720,mathopt5_4,2014-08-18,Test Problem,linear,,1.0,0.0,"{'mod', 'nl', 'py', 'ams', 'osil', 'pip', 'gms'}",0.0,0.0,1.0,1.0,1.0,18.0,2.0,0.0,0.0,1.0,0.0,0.0,0.0,0.0,0.0,1.0,1.0,1.0,1.0,0.0,0.0,1.0,set(),0.0,1.0,0.0,0.0,1.0,1.0,1.0,0.0,1.0,0.0,0.0,0.0,0.0,0.0,0.0,0.0,1.0,1.0,nonconcave,min,polynomial,,,,,,,,,,,,,,,,,,,,,,3.1554436210000005e-30,NLP,"['g00448', 'g00449', 'g00450']","GAMSMODELLIB(mathopt5), function f4",['GAMS Model Library']
723,mathopt5_7,2014-08-18,Test Problem,linear,False,1.0,-4.436728343,"{'mod', 'nl', 'py', 'ams', 'osil', 'pip', 'gms'}",1.1269566294779654e-09,0.0,1.0,1.0,1.0,5.0,8.9248e-05,0.0,0.0,1.0,0.0,0.0,0.0,0.0,0.0,1.0,1.0,1.0,1.0,0.0,0.0,1.0,set(),0.0,1.0,0.0,0.0,1.0,1.0,1.0,0.0,1.0,0.0,0.0,0.0,0.0,0.0,0.0,0.0,1.0,1.0,nonconvex,min,polynomial,,,,,,,,,,,,,,,,,,,,,,-4.436728338,NLP,"['g00448', 'g00449', 'g00450']","GAMSMODELLIB(mathopt5), function f7",['GAMS Model Library']
724,mathopt5_8,2014-08-18,Test Problem,linear,,1.0,-0.6860722808,"{'mod', 'nl', 'py', 'ams', 'osil', 'pip', 'gms'}",1.4575724922626015e-09,0.0,1.0,1.0,1.0,6.0,0.1666667,0.0,0.0,1.0,0.0,0.0,0.0,0.0,0.0,1.0,1.0,1.0,1.0,0.0,0.0,1.0,set(),0.0,1.0,0.0,0.0,1.0,1.0,1.0,0.0,1.0,0.0,0.0,0.0,0.0,0.0,0.0,0.0,1.0,1.0,nonconcave,min,polynomial,,,,,,,,,,,,,,,,,,,,,,-0.6860722798,NLP,"['g00448', 'g00449', 'g00450']","GAMSMODELLIB(mathopt5), function f8",['GAMS Model Library']
742,mhw4d,2001-07-31,Test Problem,indefinite,False,0.65,0.02930980689,"{'mod', 'nl', 'py', 'ams', 'osil', 'pip', 'gms'}",3.493131168830392e-05,2.242640687,5.0,5.0,5.0,4.0,1.0,0.0,3.0,5.0,0.0,0.0,0.0,5.0,8.0,1.0,5.0,15.0,0.5,0.0,0.0,10.0,set(),0.0,4.0,0.0,0.0,5.0,5.0,5.0,1.0,2.0,2.0,2.0,0.0,0.0,0.0,0.0,0.0,5.0,13.0,indefinite,min,polynomial,,,,,,,,,,,,,,,,,,,,,,0.02931083072,NLP,['g00128'],GAMSMODELLIB,['GAMS Model Library']
840,orth_d3m6,2017-09-11,Geometry,indefinite,False,0.3346031746031746,0.295490177,"{'mod', 'nl', 'py', 'ams', 'osil', 'pip', 'gms'}",1.3929958971191112,3.0,24.0,24.0,24.0,1.0,1.0,0.0,62.0,25.0,0.0,0.0,0.0,468.0,526.0,1.0,18.0,270.0,0.375,10.0,11.0,468.0,set(),0.0,52.0,0.0,0.0,24.0,0.0,1.0,46.0,46.0,6.0,6.0,0.0,0.0,0.0,0.0,0.0,25.0,527.0,linear,min,linear,,,,,,,,,,,,,,,,,,,,,,0.7071067812,NLP,,Matthias Schymura,['other']
841,orth_d3m6_pl,2017-09-11,Geometry,indefinite,False,0.1099330357142857,0.1977875153,"{'mod', 'nl', 'py', 'ams', 'osil', 'pip', 'gms'}",2.57508298755599,3.0,20.5,35.0,6.0,1.0,1.0,0.0,127.0,42.0,0.0,0.0,0.0,450.0,590.0,2.0,20.0,370.0,0.1662971175166297,61.0,62.0,450.0,set(),0.0,66.0,0.0,0.0,41.0,0.0,1.0,6.0,6.0,60.0,60.0,0.0,0.0,0.0,0.0,0.0,42.0,591.0,linear,min,linear,,,,,,,,,,,,,,,,,,,,,,0.7071067811,NLP,,Matthias Schymura,['other']
842,orth_d4m6_pl,2017-09-11,Geometry,indefinite,False,0.1053639846743295,0.2789271185,"{'mod', 'nl', 'py', 'ams', 'osil', 'pip', 'gms'}",1.3286335738631307,4.0,20.5,35.0,6.0,1.0,1.0,0.0,86.0,42.0,0.0,0.0,0.0,270.0,384.0,2.0,15.0,255.0,0.1606186793575252,45.0,46.0,270.0,set(),0.0,41.0,0.0,0.0,41.0,0.0,1.0,26.0,26.0,15.0,15.0,0.0,0.0,0.0,0.0,0.0,42.0,385.0,linear,min,linear,,,,,,,,,,,,,,,,,,,,,,0.6495190528,NLP,,Matthias Schymura,['other']
843,otpop,2001-07-31,Production,indefinite,False,0.0336653637624511,-9.937935929e-10,"{'mod', 'nl', 'py', 'ams', 'osil', 'gms'}",0.0,165.1969459,2.0,2.0,2.0,13.72786,0.00429596,0.0,76.0,103.0,0.0,0.0,0.0,66.0,250.0,33.0,17.0,83.0,0.0369875222816399,43.0,43.0,83.0,set(),0.0,34.0,0.0,0.0,66.0,17.0,17.0,0.0,0.0,16.0,17.0,0.0,17.0,17.0,0.0,0.0,103.0,267.0,convex,min,quadratic,,,,,,,,,,,,,,,,,,,,,,7.403902672999999e-16,NLP,['g00145'],GAMSMODELLIB,['GAMS Model Library']
893,pindyck,2001-07-31,Production,indefinite,False,0.0298613579808034,-1911.719858,"{'mod', 'nl', 'py', 'ams', 'osil', 'gms'}",0.633269763600861,148.3762781,4.0,4.0,4.0,250.0,0.1,0.0,96.0,116.0,16.0,16.0,0.0,80.0,320.0,16.0,32.0,128.0,0.0390625,64.0,65.0,80.0,"{'cvpower', 'mul'}",0.0,32.0,0.0,0.0,64.0,0.0,16.0,0.0,0.0,0.0,0.0,0.0,16.0,16.0,0.0,0.0,116.0,336.0,linear,min,linear,,,,1.0,,,,,,,,,True,,,,,,,,,-1170.486285,NLP,['g00163'],GAMSMODELLIB,['GAMS Model Library']
1020,prob07,2001-07-31,,indefinite,False,0.2,154990.2291,"{'mod', 'nl', 'py', 'ams', 'osil', 'gms'}",1.9356059797529224e-09,2.160949323e-05,3.5,11.0,1.0,400000.0,0.22,0.0,36.0,15.0,0.0,0.0,0.0,63.0,110.0,4.0,11.0,45.0,0.1875,12.0,13.0,63.0,set(),0.0,24.0,0.0,0.0,14.0,0.0,1.0,0.0,0.0,0.0,0.0,0.0,24.0,24.0,0.0,0.0,15.0,111.0,linear,min,linear,,,,,,,,,,,,,,,,,,,,,,154990.2294,NLP,"['g00263', 'g00462']",Example models from AlphaECP,['Westerlund']
1021,prob09,2001-07-31,,indefinite,False,0.6666666666666666,-1.002562255e-13,"{'mod', 'nl', 'py', 'ams', 'osil', 'pip', 'gms'}",0.0,7.995991022000001e-19,2.0,2.0,2.0,100.0,1.0,0.0,1.0,3.0,0.0,0.0,0.0,2.0,3.0,1.0,2.0,4.0,1.0,0.0,1.0,2.0,set(),0.0,1.0,0.0,0.0,2.0,0.0,1.0,1.0,1.0,0.0,0.0,0.0,0.0,0.0,0.0,0.0,3.0,4.0,linear,min,linear,,,,,,,,,,,,,,,,,,,,,,-1.002562255e-13,NLP,['g00462'],Example models from AlphaECP,['Westerlund']
1023,process,2001-07-31,Alkylation,indefinite,False,0.3375,-1161.336619,"{'mod', 'nl', 'py', 'ams', 'osil', 'gms'}",1.4638305392351947e-08,1.224290909,4.0,4.0,4.0,98.0,0.001,0.0,7.0,10.0,1.0,1.0,0.0,9.0,21.0,2.0,3.0,17.0,0.275,3.0,3.0,11.0,"{'div', 'mul'}",0.0,5.0,0.0,0.0,8.0,2.0,6.0,1.0,1.0,1.0,2.0,0.0,1.0,1.0,0.0,0.0,10.0,27.0,indefinite,min,quadratic,,,,,True,,,,,,,,True,,,,,,,,,-1161.336602,NLP,['g00098'],GAMSMODELLIB,['GAMS Model Library']
1043,ramsey,2001-07-31,Portfolio Optimization,indefinite,False,0.1001317523056653,-2.487468643,"{'mod', 'nl', 'py', 'ams', 'osil', 'gms'}",1.608060607577969e-09,0.2481856499,1.0,1.0,1.0,11.376,0.03,0.0,22.0,33.0,0.0,1.0,0.0,11.0,65.0,22.0,22.0,22.0,0.0833333333333333,11.0,11.0,22.0,{'log'},0.0,12.0,0.0,0.0,22.0,11.0,11.0,0.0,0.0,0.0,0.0,0.0,11.0,11.0,0.0,0.0,33.0,76.0,convex,min,nonlinear,,,,,,,,,True,,,,,,,,,,,,,-2.487468639,NLP,"['g00138', 'g00196']",GAMSMODELLIB,['GAMS Model Library']
1045,rbrock,2001-07-31,Test Problem,linear,,1.0,0.0,"{'mod', 'nl', 'py', 'ams', 'osil', 'pip', 'gms'}",0.0,0.0,2.0,2.0,2.0,100.0,1.0,0.0,0.0,2.0,0.0,0.0,0.0,0.0,0.0,1.0,2.0,4.0,1.0,0.0,0.0,2.0,set(),0.0,1.0,0.0,0.0,2.0,2.0,2.0,0.0,1.0,0.0,0.0,0.0,0.0,0.0,0.0,0.0,2.0,2.0,nonconcave,min,polynomial,,,,,,,,,,,,,,,,,,,,,,2.045321084e-23,NLP,['g00129'],GAMSMODELLIB,['GAMS Model Library']
1054,rocket100,2001-07-31,Rockets,indefinite,False,0.0085352792634636,-1.027022503,"{'mod', 'nl', 'py', 'ams', 'osil', 'gms'}",0.0140108155874417,19.375,607.0,607.0,607.0,500.0,0.5,0.0,502.0,607.0,101.0,101.0,0.0,1803.0,2605.0,1.0,303.0,2121.0,0.0059170238321836,0.0,1.0,1803.0,"{'exp', 'sqr', 'mul'}",0.0,502.0,0.0,0.0,607.0,0.0,1.0,0.0,0.0,200.0,200.0,0.0,201.0,201.0,0.0,0.0,607.0,2606.0,linear,min,linear,,,,,,,True,,,,,,True,,,,,True,,,,-1.012831902,NLP,"['g00305', 'g00320']","GAMSMODELLIB(rocket), COPS",['GAMS Model Library']
1055,rocket200,2001-07-31,Rockets,indefinite,False,0.0043002723395678,-1.073336422,"{'mod', 'nl', 'py', 'ams', 'osil', 'gms'}",0.0597340697023742,19.375,1207.0,1207.0,1207.0,500.0,0.5,0.0,1002.0,1207.0,201.0,201.0,0.0,3603.0,5205.0,1.0,603.0,4221.0,0.0029791287350733,0.0,1.0,3603.0,"{'exp', 'sqr', 'mul'}",0.0,1002.0,0.0,0.0,1207.0,0.0,1.0,0.0,0.0,400.0,400.0,0.0,401.0,401.0,0.0,0.0,1207.0,5206.0,linear,min,linear,,,,,,,True,,,,,,True,,,,,True,,,,-1.012835628,NLP,"['g00305', 'g00320']","GAMSMODELLIB(rocket), COPS",['GAMS Model Library']
1056,rocket400,2001-07-31,Rockets,indefinite,False,0.0021583744034965,-9.301265255,"{'mod', 'nl', 'py', 'ams', 'osil', 'gms'}",8.183384221959676,19.375,2407.0,2407.0,2407.0,500.0,0.5,0.0,2002.0,2407.0,401.0,401.0,0.0,7203.0,10405.0,1.0,1203.0,8421.0,0.0014947661395521,0.0,1.0,7203.0,"{'exp', 'sqr', 'mul'}",0.0,2002.0,0.0,0.0,2407.0,0.0,1.0,0.0,0.0,800.0,800.0,0.0,801.0,801.0,0.0,0.0,2407.0,10406.0,linear,min,linear,,,,,,,True,,,,,,True,,,,,True,,,,-1.012836339,NLP,"['g00305', 'g00320']","GAMSMODELLIB(rocket), COPS",['GAMS Model Library']
1057,rocket50,2001-07-31,Rockets,indefinite,False,0.016814512495011,-1.02858409,"{'mod', 'nl', 'py', 'ams', 'osil', 'gms'}",0.0155674603045309,19.375,307.0,307.0,307.0,500.0,0.5,0.0,252.0,307.0,51.0,51.0,0.0,903.0,1305.0,1.0,153.0,1071.0,0.011672095548317,0.0,1.0,903.0,"{'exp', 'sqr', 'mul'}",0.0,252.0,0.0,0.0,307.0,0.0,1.0,0.0,0.0,100.0,100.0,0.0,101.0,101.0,0.0,0.0,307.0,1306.0,linear,min,linear,,,,,,,True,,,,,,True,,,,,True,,,,-1.0128171,NLP,"['g00305', 'g00320']","GAMSMODELLIB(rocket), COPS",['GAMS Model Library']
1130,shiporig,2014-08-15,Structural Optimization,indefinite,False,0.3,0.0,"{'mod', 'nl', 'py', 'ams', 'osil', 'gms'}",inf,407.2724164,10.0,10.0,10.0,495.0,0.0039,0.0,17.0,10.0,1.0,1.0,0.0,23.0,48.0,1.0,3.0,41.0,0.3625,10.0,10.0,29.0,"{'sqrt', 'mul'}",0.0,8.0,0.0,0.0,10.0,6.0,6.0,3.0,3.0,0.0,0.0,0.0,3.0,4.0,0.0,0.0,10.0,54.0,indefinite,min,signomial,,,,,,,,,,,,,True,,,,,,True,,,5.54091471,NLP,['g00185'],GAMSMODELLIB(ship),['GAMS Model Library']
1282,st_e03,2002-09-03,,indefinite,False,0.3375,-1161.336603,"{'mod', 'nl', 'py', 'ams', 'osil', 'pip', 'gms'}",8.610766956507283e-10,102.0,3.5,5.0,2.0,98000.0,0.00667,0.0,7.0,10.0,0.0,0.0,0.0,9.0,21.0,2.0,1.0,13.0,0.3142857142857143,3.0,3.0,11.0,set(),0.0,5.0,0.0,0.0,7.0,2.0,6.0,2.0,2.0,2.0,3.0,0.0,0.0,0.0,0.0,0.0,10.0,27.0,indefinite,min,quadratic,,,,,,,,,,,,,,,,,,,,,,-1161.336602,NLP,"['g00089', 'g00407']",BARONBOOK(misc/e03),['BARON book']
1285,st_e06,2002-09-03,,indefinite,False,0.6666666666666666,0.0,"{'mod', 'nl', 'py', 'ams', 'osil', 'pip', 'gms'}",0.0,50.0,1.5,2.0,1.0,3.0,0.000169,0.0,3.0,3.0,0.0,0.0,0.0,3.0,8.0,2.0,2.0,4.0,1.0,2.0,2.0,3.0,set(),0.0,1.0,0.0,0.0,3.0,0.0,0.0,1.0,1.0,0.0,0.0,0.0,0.0,0.0,0.0,0.0,3.0,8.0,linear,min,constant,,,,,,,,,,,,,,,,,,,,,,0.0,NLP,"['g00407', 'g00412']",BARONBOOK(misc/e06),['BARON book']
1289,st_e11,2002-09-03,,indefinite,False,0.6666666666666666,189.3116297,"{'mod', 'nl', 'py', 'ams', 'osil', 'gms'}",0.0,15000.0,1.5,2.0,1.0,600.0,0.6,0.0,2.0,3.0,0.0,0.0,0.0,2.0,4.0,2.0,2.0,4.0,0.6666666666666666,1.0,1.0,4.0,set(),0.0,2.0,0.0,0.0,3.0,2.0,2.0,0.0,0.0,1.0,1.0,0.0,0.0,1.0,0.0,0.0,3.0,6.0,concave,min,signomial,,,,,,,,,,,,,,,,,,,,,,189.3116297,NLP,"['g00407', 'g00414']",BARONBOOK(misc/e11),['BARON book']
1290,st_e12,2002-09-03,,linear,False,0.6875,-4.514201652,"{'mod', 'nl', 'py', 'ams', 'osil', 'gms'}",2.2152313078855214e-10,0.0,1.0,1.0,1.0,6.0,0.6,0.0,3.0,4.0,0.0,0.0,0.0,0.0,7.0,2.0,2.0,2.0,1.0,3.0,3.0,2.0,set(),0.0,1.0,0.0,0.0,2.0,2.0,4.0,0.0,0.0,0.0,0.0,0.0,0.0,1.0,0.0,0.0,4.0,11.0,concave,min,signomial,,,,,,,,,,,,,,,,,,,,,,-4.514201651,NLP,"['g00407', 'g00415']",BARONBOOK(misc/e12),['BARON book']
1296,st_e19,2002-09-03,,concave,False,1.0,-118.7048609,"{'mod', 'nl', 'py', 'ams', 'osil', 'pip', 'gms'}",9.266680467864718e-09,2.0,1.0,1.0,1.0,24.0,1.0,0.0,2.0,2.0,0.0,0.0,0.0,1.0,4.0,2.0,2.0,2.0,0.75,1.0,1.0,3.0,set(),0.0,2.0,0.0,0.0,2.0,2.0,2.0,0.0,1.0,1.0,1.0,0.0,0.0,0.0,0.0,0.0,2.0,6.0,nonconvex,min,polynomial,,,,,,,,,,,,,,,,,,,,,,-118.7048598,NLP,"['g00275', 'g00407']",BARONBOOK(misc/e19),['BARON book']
1297,st_e21,2002-09-03,,linear,False,0.4761904761904761,-13.40190356,"{'mod', 'nl', 'py', 'ams', 'osil', 'gms'}",0.0,0.0,1.0,1.0,1.0,5.0,0.4,0.0,6.0,6.0,0.0,0.0,0.0,0.0,14.0,3.0,3.0,3.0,1.0,6.0,6.0,3.0,set(),0.0,1.0,0.0,0.0,3.0,3.0,6.0,0.0,0.0,0.0,0.0,0.0,0.0,1.0,0.0,0.0,6.0,20.0,concave,min,signomial,,,,,,,,,,,,,,,,,,,,,,-13.40190356,NLP,"['g00407', 'g00415']",BARONBOOK(misc/e21),['BARON book']
1316,st_e41,2002-09-03,,indefinite,False,1.0,641.8235598,"{'mod', 'nl', 'py', 'ams', 'osil', 'gms'}",3.895151576097574e-09,0.1265625,4.0,4.0,4.0,300.0,0.6,0.0,2.0,4.0,0.0,0.0,0.0,8.0,8.0,1.0,4.0,16.0,1.0,0.0,0.0,12.0,set(),0.0,3.0,0.0,0.0,4.0,4.0,4.0,2.0,2.0,0.0,0.0,0.0,0.0,1.0,0.0,0.0,4.0,12.0,concave,min,signomial,,,,,,,,,,,,,,,,,,,,,,641.8235623,NLP,"['g00407', 'g00432']",BARONBOOK(misc/e41),['BARON book']
1382,steenbrf,2017-02-06,Network Design,linear,False,0.0190543401552575,282.6795515,"{'mod', 'nl', 'py', 'ams', 'osil', 'gms'}",1.8749145348023062e-08,2000.0,3.0,3.0,3.0,1.0,0.15,0.0,108.0,468.0,0.0,0.0,0.0,0.0,864.0,36.0,108.0,324.0,1.0,108.0,108.0,108.0,set(),0.0,1.0,0.0,0.0,108.0,108.0,108.0,0.0,0.0,0.0,0.0,0.0,0.0,1.0,0.0,0.0,468.0,972.0,indefinite,min,signomial,,,,,,,,,,,,,,,,,,,,,,282.6795568,NLP,['Steenbrink1974'],"CUTE model <a href=""http://orfe.princeton.edu/~rvdb/ampl/nlmodels/cute/steenbrf.mod"">steenbrf</a>",['other']
1446,t1000,2017-02-07,,indefinite,False,0.0764333402161194,-1.01e-07,"{'mod', 'nl', 'py', 'ams', 'osil', 'gms'}",inf,497.93,1.066098,37.0,1.0,100.0,1.0,0.0,28.0,1002.0,1.0,1.0,0.0,2165.0,2219.0,938.0,1000.0,1548.0,0.0902083333333333,4.0,5.0,2165.0,"{'sqr', 'sin'}",0.0,24.0,0.0,0.0,1000.0,0.0,2.0,7.0,7.0,16.0,16.0,0.0,0.0,0.0,0.0,0.0,1002.0,2221.0,linear,min,linear,,,,,,,,,,,,,,,,,True,True,,,,1.2531291910000001e-20,NLP,['g00447'],GAMSMODELLIB,['GAMS Model Library']
1497,truck,2017-02-06,,indefinite,False,0.0010465149289747,,"{'mod', 'nl', 'py', 'ams', 'osil', 'gms'}",inf,2.35619449,3004.0,3004.0,3004.0,1.0,1e-08,0.0,4009.0,5007.0,3000.0,3000.0,0.0,14000.0,20010.0,1.0,3003.0,1008009.0,0.0012481067482796,9.0,9.0,15001.0,"{'cos', 'sin', 'mul'}",0.0,4001.0,0.0,0.0,3004.0,1001.0,1002.0,0.0,0.0,1000.0,1000.0,0.0,0.0,1.0,0.0,0.0,5007.0,21012.0,nonconvex,min,signomial,,,1.0,,,,,,,,,,True,,,,True,,,,,5.899434005,NLP,"['Bryson1999', 'DieterKraft']","<A href=""http://dkraft.userweb.mwn.de/"">Truck Problem by Dieter Kraft</A>",['other']
1515,wallfix,2019-07-12,Chemical Equilibrium,indefinite,False,0.5,1.000004656,"{'mod', 'nl', 'py', 'ams', 'osil', 'gms'}",1.999990631479757e-09,3.8,6.0,6.0,6.0,2.0,1e-07,0.0,6.0,6.0,0.0,0.0,0.0,10.0,20.0,1.0,4.0,20.0,0.4166666666666667,2.0,3.0,10.0,set(),0.0,4.0,0.0,0.0,6.0,0.0,1.0,0.0,0.0,2.0,2.0,0.0,2.0,2.0,0.0,0.0,6.0,21.0,linear,min,linear,,,,,,,,,,,,,,,,,,,,,,1.000004658,NLP,['g00116'],GAMSMODELLIB(wall) from GAMS >= 28,['GAMS Model Library']
1537,water,2001-07-31,Water Network Design,indefinite,False,0.1050656660412758,670.3632024,"{'mod', 'nl', 'py', 'ams', 'osil', 'gms'}",0.3498684833241378,723.6299865,2.0,2.0,2.0,2501.999,0.069,0.0,25.0,41.0,14.0,14.0,0.0,46.0,109.0,16.0,28.0,60.0,0.08984375,9.0,10.0,46.0,"{'vcpower', 'abs', 'div', 'mul'}",0.0,16.0,0.0,0.0,32.0,0.0,3.0,0.0,0.0,1.0,1.0,0.0,1.0,1.0,0.0,0.0,41.0,112.0,linear,min,linear,True,,,,True,,,,,,,,True,,,,,,,,True,904.9021593,NLP,"['g00008', 'g00006']",GAMSMODELLIB,['GAMS Model Library']
